Date,Company,Website,Competitors,Analysis
2026-03-12,Hive.app,https://www.hive.app/,"10 Hive Alternatives - Canary Mail Blog, Best Hive Alternatives for 2026: Top 11 Project Tools, Hive Moderation Alternatives – Top 8 Competitors Compared, Best Hive alternatives for project management in 2026 ..., Top 10 Hive.co Alternatives & Competitors in 2026","Certainly. Below is a structured market intelligence report on Hive.app based on the provided information.

---

## Hive.app Market Intelligence Report

### 1. Company Summary
Hive.app is an international end-to-end operations platform designed to optimize and scale e-commerce and direct-to-consumer (D2C) businesses. It offers a comprehensive suite of solutions covering order and inventory management, fulfillment, delivery, freight management, and integrations with e-commerce stores and tools. Hive emphasizes fast, reliable delivery (1-2 day delivery across Europe), operational transparency, and customer experience enhancements such as custom packaging and tracking/returns portals. The company supports over 500 brands, handling 75M+ shipped items annually with 99.9% accuracy, driving up to 24% revenue growth and 17% cost savings for clients. Hive also provides tailored growth management services to help brands scale efficiently.

---

### 2. Industry & Market
- **Industry:** E-commerce Operations & Logistics Technology
- **Market Focus:** D2C and B2B e-commerce brands primarily in Europe, with a strong emphasis on cross-border fulfillment and delivery.
- **Market Trends:**
  - Increasing demand for fast, reliable delivery (1-2 day delivery becoming standard).
  - Growing importance of end-to-end visibility and centralized operations management.
  - Rising customer expectations for personalized unboxing experiences and seamless returns.
  - Expansion of multi-carrier and multi-modal freight solutions to optimize costs and speed.
  - Integration of growth advisory services alongside technology platforms to drive business outcomes.
- **Geographic Focus:** Europe, with coverage of 80%+ of European markets within 1-2 day delivery windows.

---

### 3. Competitor Landscape
The competitive environment for Hive.app is characterized by multiple alternatives and competitors focused on project management, operations, and fulfillment platforms. Based on the competitor references provided:

- **Direct Competitors:** Platforms offering end-to-end e-commerce operations including order management, fulfillment, delivery, and freight.
- **Alternative Solutions:** Project management and workflow tools that overlap with operational coordination but may lack integrated logistics.
- **Key Differentiators for Hive:**
  - Strong European fulfillment network enabling rapid delivery.
  - Multi-carrier delivery optimization reducing shipping costs by up to 45%.
  - Freight management across air, sea, rail, and road from a single platform.
  - Growth management and strategic advisory services.
  - High operational accuracy (99.9%) and large shipment volumes (75M+ items).
- **Competitor Examples (implied from titles):**
  - Canary Mail Blog’s Hive alternatives (likely project management focused).
  - Other project tools listed as Hive alternatives for 2026.
  - Hive Moderation alternatives (suggesting some competitors focus on content moderation or community management, less relevant here).
  - Hive.co alternatives (likely broader SaaS competitors).
  
Hive’s niche is more specialized towards logistics and fulfillment operations for e-commerce, differentiating it from generic project management tools.

---

### 4. Recent Strategic Signals
- **European Expansion:** Leveraging a fulfillment network that covers over 80% of Europe with 1-2 day delivery, indicating aggressive geographic scaling.
- **Growth Delivery Promise:** Marketing impact on conversion rates (+11%) by providing precise delivery dates, highlighting a focus on customer experience and revenue impact.
- **Technology Integration:** Emphasis on quick, native integrations with shops, ERPs, and tools to reduce onboarding time from weeks to days.
- **Customer Success Focus:** Showcasing case studies with significant growth metrics (e.g., 210% surge for Magicholz, 40% faster fulfillment for mybacs).
- **Custom Packaging & Returns:** Investing in brand experience and customer retention through packaging and returns management.
- **Growth Manager Service:** Offering tailored strategic advice alongside technology, blending SaaS with consultancy.
- **Hiring & Partnerships:** Over 400 employees and an ecosystem of partners to support e-commerce businesses, indicating scaling of organizational capacity and ecosystem.

---

### 5. Threats
- **Competitive Pressure:** Numerous alternatives and competitors in both project management and logistics SaaS spaces could erode market share.
- **Market Fragmentation:** E-commerce brands may adopt piecemeal solutions (separate tools for order management, fulfillment, delivery, freight) rather than an integrated platform.
- **Logistics Disruptions:** External factors such as supply chain disruptions, carrier capacity constraints, or geopolitical issues could impact delivery promises.
- **Technology Integration Complexity:** Despite claims of quick integration, complex legacy systems at client end could slow adoption.
- **Pricing Pressure:** Competitors offering lower-cost or niche solutions may attract smaller brands or startups.
- **Customer Retention Risk:** If Hive fails to continuously innovate or maintain high accuracy and service levels, clients may switch platforms.

---

### 6. Automation Opportunities
- **Order & Inventory Management:** Further automation of inventory forecasting and replenishment to reduce stockouts and overstock.
- **Fulfillment Operations:** Use of AI-driven warehouse robotics and automated picking/packing to improve speed and accuracy beyond current 99.9%.
- **Delivery Optimization:** Dynamic routing algorithms and real-time carrier selection to reduce costs and improve delivery times.
- **Freight Booking:** Automating multi-modal freight booking and tracking with AI to optimize cost, speed, and carbon footprint.
- **Customer Communication:** Automated proactive notifications and AI-powered chatbots for tracking, returns, and customer inquiries.
- **Growth Management:** Leveraging machine learning to provide predictive analytics and personalized growth recommendations.
- **Integration Automation:** Enhancing API-driven plug-and-play integrations with e-commerce platforms and ERPs to reduce manual setup.
- **Returns Processing:** Automated returns authorization and reverse logistics workflows to improve customer satisfaction and reduce operational costs.

---

# Summary
Hive.app is a robust, Europe-focused end-to-end operations platform for e-commerce brands, combining logistics, fulfillment, delivery, freight, and growth advisory services. It operates in a competitive landscape with many alternatives but differentiates itself through a strong European network, operational accuracy, and integrated growth support. Strategic moves indicate aggressive European expansion and deepening customer success focus. Threats include competitive pressures and logistics uncertainties, while significant automation opportunities exist across fulfillment, delivery, freight, and customer engagement to further scale and optimize operations.

---

If you need a deeper dive into any section or competitor benchmarking, please let me know."
2026-03-12,Hive.app,https://www.hive.app/,Monday.com,"**Market Intelligence Report: Hive.app**

---

### 1. Company Summary

Hive.app is an international end-to-end operations platform designed primarily for D2C (Direct-to-Consumer) and B2B brands, focusing on streamlining order and inventory management, fulfillment, delivery, freight, and returns. The platform offers a comprehensive suite of tools to centralize and optimize e-commerce operations, enabling brands to scale efficiently across Europe with fast delivery (1-2 days to 80-95% of Europe), cost savings, and enhanced customer experience features such as custom packaging and tracking portals. Hive also provides strategic growth support through dedicated Growth Managers.

Key highlights:
- Trusted by 500+ brands driving €1B+ in sales.
- Claims to boost revenue by up to 24% and reduce costs by 17%.
- Strong emphasis on European market coverage and expansion.
- Integrates natively with e-commerce platforms, ERPs, and carriers.
- Offers a multi-carrier delivery solution and freight management across air, sea, rail, and road.

---

### 2. Industry & Market

- **Industry:** E-commerce Operations & Logistics Technology / SaaS
- **Market Focus:** E-commerce brands (D2C and B2B), primarily in Europe.
- **Market Trends:**
  - Increasing demand for fast, reliable, and transparent delivery.
  - Growing complexity in supply chain and fulfillment due to omnichannel retail.
  - Rising importance of customer experience through packaging and returns.
  - Expansion of European e-commerce market requiring scalable logistics solutions.
  - Integration of tech platforms to reduce operational overhead and improve agility.

---

### 3. Funding & Growth Signals

- **Funding Data:**
  - Conflicting snippets suggest multiple companies named Hive or data confusion.
  - Most relevant: Hive.app has raised over $120M from top-tier investors including General Catalyst, 8VC, Glynn Capital, Bain & Company, Visa Ventures.
  - Another mention: €28.2M raised in a preempted up-round led by Earlybird with Tiger Global, Picus Capital, alfa8, and Amplifier.
  - Earlier rounds include Seed and Series A totaling $4.54M, but likely outdated or for a different Hive.
- **Growth Signals:**
  - Rapid European expansion with 400+ employees.
  - 500+ brand customers generating over €1B in sales.
  - High operational scale: 75M+ items shipped with 99.9% accuracy.
  - Strong client success stories showing significant improvements in delivery speed, cost savings, and revenue uplift.
  - Active hiring and partnerships indicate ongoing growth and ecosystem development.

---

### 4. Competitor Landscape

- **Primary Competitor Identified:** Monday.com
  - Monday.com is a broadly used work OS platform with project and workflow management capabilities.
  - While Monday.com offers some operations and workflow tools, it is more generalized and less specialized in e-commerce fulfillment and logistics.
- **Other Potential Competitors (not listed but relevant):**
  - ShipBob, ShipStation, Flexport, and other e-commerce fulfillment and logistics platforms.
  - Specialized inventory and order management SaaS providers.
- **Competitor Relevance Ranking:**
  1. **Monday.com** – Relevant as a workflow and operations platform but less specialized in fulfillment/logistics.
  2. **ShipBob / Flexport (implied competitors)** – More direct competitors in fulfillment and freight management.
  3. **Traditional 3PL providers with tech layers** – Indirect competitors.

---

### 5. Strategic Signals

- **European Market Focus:** Hive is positioning itself as the go-to platform for European e-commerce brands needing fast, reliable delivery and integrated operations.
- **End-to-End Platform:** Unlike competitors focusing on isolated parts of the supply chain, Hive offers a full-stack solution from order management to last-mile delivery and returns.
- **Growth Enablement:** Beyond tech, Hive offers Growth Managers to provide strategic advice, indicating a consultative approach to customer success.
- **Technology Integration:** Native integrations with stores, ERPs, and carriers reduce onboarding friction and accelerate time-to-value.
- **Customer Experience Differentiation:** Custom packaging and tracking portals enhance brand loyalty and repeat purchases.
- **Operational Excellence:** High accuracy (99.9%) and large shipment volumes demonstrate operational maturity.

---

### 6. Threats

- **Competitive Pressure from Generalist Platforms:** Platforms like Monday.com and other workflow tools could expand into logistics operations, leveraging their broad user base.
- **Large Logistics & Fulfillment Providers:** Established 3PLs and freight forwarders with tech capabilities may compete aggressively, especially for large enterprise clients.
- **Funding & Market Confusion:** Multiple companies named Hive with different funding profiles could confuse investors and customers.
- **Economic & Supply Chain Disruptions:** Volatility in freight costs, labor shortages, or regulatory changes in Europe could impact service levels and margins.
- **Customer Concentration Risk:** Heavy reliance on European markets may limit diversification.

---

### 7. Automation Opportunities

- **AI-Driven Demand Forecasting:** Enhance inventory and fulfillment planning with predictive analytics.
- **Dynamic Routing & Carrier Selection:** Use machine learning to optimize delivery routes and carrier choices for cost and speed.
- **Automated Customer Communications:** AI chatbots and notifications to improve tracking and returns experience.
- **Robotic Process Automation (RPA):** Automate repetitive operational tasks within order management and freight booking.
- **Growth Manager Augmentation:** Use AI tools to provide data-driven growth insights and recommendations.
- **Integration Automation:** Streamline onboarding and syncing with new e-commerce platforms and ERPs.

---

### Summary Table: Competitor Relevance Ranking

| Rank | Competitor    | Relevance Reasoning                                                                 |
|-------|---------------|------------------------------------------------------------------------------------|
| 1     | Monday.com    | Broad operations/workflow platform; indirect competitor in operational management.  |
| 2     | ShipBob       | Direct competitor in e-commerce fulfillment and logistics (implied).               |
| 3     | Flexport      | Freight forwarding and supply chain tech competitor (implied).                     |
| 4     | Traditional 3PLs | Indirect competitors with growing tech capabilities.                              |

---

**Conclusion:**  
Hive.app is a rapidly growing, well-funded European-focused end-to-end e-commerce operations platform that differentiates itself through comprehensive fulfillment, delivery, freight, and growth services. While Monday.com is a named competitor, Hive’s specialization in logistics and fulfillment sets it apart. The company’s strong funding, operational scale, and strategic growth initiatives position it well in the evolving e-commerce logistics market. Automation and AI integration represent key opportunities to further enhance operational efficiency and customer experience. Vigilance is needed regarding competitive threats from both generalist SaaS platforms and established logistics providers."
